X,Y,OBJECTID,APTCODE,PROJECT_NA,ADDRESS,CITYSTATEZ,TYPE,MIN_rentMO,MAX_rentMO,units,Credit,Avg_Rent,Affordable,URL
1492456.5634051,583650.170162588,1,991,BELMONT AT TRYON,701 SAWYERS MILL ROAD,"CHARLOTTE, NC",MARKET RATE,1100,1200,294,Real Data,1200,no,https://www.aptindex.com/
1454343.96082467,541644.177403092,2,784,VISTAS AT 707, SEIGLE AVENUE,"CHARLOTTE, NC",MARKET RATE,1000,1100,190,Real Data,1100,yes,https://www.aptindex.com/
1484023.96511284,578331.842216596,3,203,HUNT CLUB,100 HERITAGE POINTE ROAD,"CHARLOTTE, NC 28262",MARKET RATE,600,1200,300,Real Data,1200,no,https://www.aptindex.com/
1449096.11502117,520876.978452012,4,201,3400 SELWYN,"100 MATADOR LANE, STE#214","CHARLOTTE, NC 28209",MARKET RATE,500,1100,129,Real Data,1000,yes,https://www.aptindex.com/
1418952.20746134,577335.583710417,5,465,ALTA GROVE,10017 SEASON GROVE LANE,"CHARLOTTE, NC 28216",MARKET RATE,600,1100,240,Real Data,1100,no,https://www.aptindex.com/
1443138.445178,494718.498944923,6,214,PARK AT CATERINA,10019 PLUM CREEK LANE,"CHARLOTTE, NC 28210",MARKET RATE,600,1000,276,Real Data,1000,yes,https://www.aptindex.com/
1447469.42306459,585859.360954165,7,676,PERIMETER STATION,10051 PERIMETER STATION DRIVE,"CHARLOTTE, NC 28216",MARKET RATE,800,1200,203,Real Data,1200,no,https://www.aptindex.com/
1443644.09869425,524065.180080846,8,174,WILDWOOD,1022 FOREST OAK DRIVE,"CHARLOTTE, NC 28209",MARKET RATE,600,1000,248,Real Data,1000,yes,https://www.aptindex.com/
1434468.22137676,510943.906782761,9,091,OAK PARK AT NATIONS FORD,103 DINADAN DRIVE,"CHARLOTTE, NC 28217",MARKET RATE,600,1000,202,Real Data,900,yes,https://www.aptindex.com/
1445152.94967918,493689.896015257,10,276,JOHNSTON CREEK CROSSING,10310 CEDAR TRAIL LANE,"CHARLOTTE, NC 28210",MARKET RATE,600,1100,260,Real Data,1100,no,https://www.aptindex.com/
1489286.9142326,573823.019541338,11,407,PAVILION AT UC,10425 WHEATSIDE DRIVE,"CHARLOTTE, NC 28262",MARKET RATE,600,1100,249,Real Data,1100,yes,https://www.aptindex.com/
1481354.99472901,524821.010590166,12,389,WATERFORD CREEK,10510 WATERFORD CREEK LANE,"CHARLOTTE, NC 28212",MARKET RATE,700,1200,264,Real Data,1200,no,https://www.aptindex.com/
1427545.69782026,556427.185566679,13,273,PARK FAIRFAX,108 PARK FAIRFAX DRIVE,"CHARLOTTE, NC 28208",MARKET RATE,500,900,138,Real Data,900,yes,https://www.aptindex.com/
1409723.50675867,513265.166575924,14,733,PRESERVE AT STEELE CREEK,10830 MORGAN CREEK DRIVE,"CHARLOTTE, NC 28273",MARKET RATE,800,1200,240,Real Data,1100,no,https://www.aptindex.com/
1414138.62817776,504116.627130255,15,126,"HARLOWE, THE",10900 POINT SOUTH DRIVE,"CHARLOTTE, NC 28273",MARKET RATE,600,1100,192,Real Data,1100,no,https://www.aptindex.com/
1454846.65896626,542408.591556668,16,698,SEIGLE POINT APT HOMES,110 WINDING PATH WAY,"CHARLOTTE, NC 28204",AFFORDABLE,700,800,84,Real Data,800,Aff,https://www.aptindex.com/
1443188.01233609,525228.694486082,17,220,BEACON TIMBER CREEK,1100 FALLS CREEK LANE,"CHARLOTTE, NC 28209",MARKET RATE,500,1100,352,Real Data,1100,no,https://www.aptindex.com/
1443913.92984751,523616.032357082,18,052,CHARLOTTE WOODS,1116 SCALEYBARK ROAD,"CHARLOTTE, NC 28209",MARKET RATE,600,1100,266,Real Data,1000,yes,https://www.aptindex.com/
1432619.65059884,554721.513125002,19,310,EAST COAST,1120 C MARBLE STREET,"CHARLOTTE, NC 28208",MARKET RATE,500,800,102,Real Data,800,yes,https://www.aptindex.com/
1437878.64533018,515044.384146094,20,117,LAKE MIST,1120-A LAKE MIST DRIVE,"CHARLOTTE, NC 28217",MARKET RATE,500,1100,144,Real Data,1100,yes,https://www.aptindex.com/
1471816.87732235,550666.0389525,21,159,HIGHLAND TRACE,1131 GLENFIDDICH DRIVE,"CHARLOTTE, NC 28215",MARKET RATE,600,800,90,Real Data,800,yes,https://www.aptindex.com/
1488857.03353067,581732.628394008,22,729,ARWEN VISTA,11505 MASTERTON ROAD,"CHARLOTTE, NC 28262",MARKET RATE,900,1300,135,Real Data,1200,no,https://www.aptindex.com/
1495445.29233576,575117.576335415,23,581,VILLAGE AT BRIERFIELD,11609 WINDY CREEK DRIVE,"CHARLOTTE, NC 28262",MARKET RATE,600,1100,186,Real Data,900,yes,https://www.aptindex.com/
1479383.22734709,535351.107312083,24,077,AVALON HEIGHTS I,1207 KELSTON PLACE,"CHARLOTTE, NC 28212",MARKET RATE,500,1000,310,Real Data,900,yes,https://www.aptindex.com/
1433883.59984259,530734.186427832,25,574,PRESSLEY SOUTH END,1210 PRESSLEY ROAD,"CHARLOTTE, NC 28217",AFFORDABLE,500,900,504,Real Data,900,Aff,https://www.aptindex.com/
1451629.87176467,551405.159521505,26,740,"MCNEEL, THE",1214 KOHLER AVENUE,"CHARLOTTE, NC 28206",AFFORDABLE,400,700,48,Real Data,700,Aff,https://www.aptindex.com/
1408705.66791509,499750.673263758,27,607,ARBOR STEELE CREEK,12235 STONE ARBOR WAY,"CHARLOTTE, NC 28273",MARKET RATE,500,1200,384,Real Data,1100,no,https://www.aptindex.com/
1407503.95903243,500236.202148333,28,718,ENCLAVE AT RIVERGATE,12400 TOSCANA WAY,"CHARLOTTE, NC 28773",MARKET RATE,800,1300,216,Real Data,1200,no,https://www.aptindex.com/
1413318.92049959,504178.684748918,29,114,YORK RIDGE,13001 YORK RIDGE DRIVE,"CHARLOTTE, NC 28273",MARKET RATE,600,1200,240,Real Data,1200,no,https://www.aptindex.com/
1483981.02786276,565529.144068763,30,453,PIEDMONT AT IVY MEADOW,1301 IVY MEADOW DRIVE,"CHARLOTTE, NC 28213",MARKET RATE,700,1200,372,Real Data,1200,no,https://www.aptindex.com/
1467823.91089883,561394.11526534,31,147,SILVERSTONE,1305 HUNTER OAK LANE,"CHARLOTTE, NC 28213",MARKET RATE,500,900,94,Real Data,900,yes,https://www.aptindex.com/
1427458.08939968,557591.360731751,32,098,COLONIAL PLACE,1307 SPRINGMONT LANE,"CHARLOTTE, NC 27208",MARKET RATE,500,800,136,Real Data,800,yes,https://www.aptindex.com/
1489541.1853776,580763.560122177,33,734,PAVILION VILLAGE,131 GRACYN OLIVIA DRIVE,"CHARLOTTE, NC 28262",MARKET RATE,1000,1200,294,Real Data,1200,no,https://www.aptindex.com/
1467712.48001935,527137.636862427,34,166,DELANE GLEN,1315-3 DELANE AVENUE,"CHARLOTTE, NC 28211",MARKET RATE,500,900,60,Real Data,900,yes,https://www.aptindex.com/
1464571.12016034,537639.13390401,35,196,WEMBLEY,1317 WEMBLEY DRIVE,"CHARLOTTE, NC 28205",MARKET RATE,600,900,101,Real Data,900,yes,https://www.aptindex.com/
1403256.09941792,498275.985924423,36,663,STEELE CREEK SOUTH,13212 WINTER HAZEL ROAD,"CHARLOTTE, NC 28278",MARKET RATE,600,1200,456,Real Data,1200,no,https://www.aptindex.com/
1439588.94145025,518090.462699592,37,152,BEACON HILL,1322 BEACON RIDGE ROAD,"CHARLOTTE, NC 28210",MARKET RATE,600,1100,349,Real Data,1100,yes,https://www.aptindex.com/
1415412.08297992,503362.113547429,38,320,PARK AT STEELE CREEK,13301 CRESCENT SPRINGS DRIVE,"CHARLOTTE, NC 28273",MARKET RATE,700,1100,264,Real Data,1100,no,https://www.aptindex.com/
1403742.7070405,499408.331756845,39,670,BEXLEY STEELECROFT (FARMS),13900 STEELECROFT FARM LN,"CHARLOTTE, NC 28278",MARKET RATE,800,1200,336,Real Data,1200,no,https://www.aptindex.com/
1467578.80148092,561999.167532921,40,291,SOMERSET,1400 VENTURA WAY,"CHARLOTTE, NC 28213",MARKET RATE,500,1000,240,Real Data,900,yes,https://www.aptindex.com/
1464167.49137442,537823.441606253,41,292,AURORA,1425 EASTCREST DRIVE,"CHARLOTTE, NC 28205",MARKET RATE,500,1100,276,Real Data,1000,yes,https://www.aptindex.com/
1464167.49137442,537823.441606253,42,025,AURORA TOWNHOMES,1425 EASTCREST DRIVE,"CHARLOTTE, NC 28205",MARKET RATE,600,1200,144,Real Data,1100,no,https://www.aptindex.com/
1465012.4742645,537495.683731586,43,318,AURORA (BRIAR CREEK),1431-G BRIAR CREEK DRIVE,"CHARLOTTE, NC 28205",MARKET RATE,600,1200,66,Real Data,1100,yes,https://www.aptindex.com/
1451602.22286984,554633.301359177,44,872,"STEVENSON, THE",1445 SAMUEL STREET,"CHARLOTTE, NC 28206",AFFORDABLE,800,1000,130,Real Data,900,Aff,https://www.aptindex.com/
1439943.0385111,519454.076770261,45,151,ELMSLEY GROVE,148-1 TYVOLA DRIVE,"CHARLOTTE, NC 28210",MARKET RATE,400,900,342,Real Data,800,yes,https://www.aptindex.com/
1447576.41005534,519953.442897499,46,594,SENECA WOODS,1509 SENECA PLACE APT. F,"CHARLOTTE, NC 28209",AFFORDABLE,500,900,50,Real Data,900,Aff,https://www.aptindex.com/
1471867.64624967,575409.219124839,47,656,WORTHINGTON,"1526 FLAT RIVER DRIVE, SUITE 118","CHARLOTTE, NC 28262",MARKET RATE,800,1200,284,Real Data,1200,no,https://www.aptindex.com/
1476425.5895616,518805.843158588,48,219,FOREST AT CHASEWOOD,1600 CHASEWOOD DRIVE,"CHARLOTTE, NC 28212",MARKET RATE,500,1000,220,Real Data,1000,yes,https://www.aptindex.com/
1464479.39232543,538147.483609095,49,002,CHATEAU,1600 EASTCREST DRIVE,"CHARLOTTE, NC 28205",MARKET RATE,500,700,56,Real Data,700,yes,https://www.aptindex.com/
1439302.91216667,501743.303464845,50,012,VILLAGES,1600 VILLAGE BROOK DRIVE,"CHARLOTTE, NC 28210",MARKET RATE,500,1100,224,Real Data,1000,yes,https://www.aptindex.com/
1439701.49962409,501970.158654168,51,432,PARK LANE,1610 WAYBRIDGE LANE,"CHARLOTTE, NC 28210",MARKET RATE,600,1100,60,Real Data,1100,yes,https://www.aptindex.com/
1481096.70292276,509001.021560922,52,602,GALLERIA VILLAGE,1616 GALLERIA CLUB LANE,"CHARLOTTE, NC 28270",MARKET RATE,700,1300,210,Real Data,1200,no,https://www.aptindex.com/
1468582.45039226,526105.489320427,53,039,CHIMNEYS,1630 DELANE AVENUE,"CHARLOTTE, NC 28211",MARKET RATE,500,900,214,Real Data,800,yes,https://www.aptindex.com/
1468999.29568717,531072.753007919,54,027,ENCLAVE AT OAKHURST,1636 CHIPPENDALE ROAD,"CHARLOTTE, NC 28205",MARKET RATE,600,1200,84,Real Data,1200,no,https://www.aptindex.com/
1478043.02235034,516017.946831509,55,269,1700 PLACE,1700 CHARLESTON PLACE,"CHARLOTTE, NC 28212",MARKET RATE,500,1000,214,Real Data,900,yes,https://www.aptindex.com/
1436989.16351335,538669.791947678,56,122,1701 CITYVIEW,1701 WEST BLVD,"CHARLOTTE, NC 28208",MARKET RATE,500,900,163,Real Data,800,yes,https://www.aptindex.com/
1464229.0312776,538545.859452754,57,254,MOUNTCREST,1719 EASTCREST DRIVE,"CHARLOTTE, NC 28205",MARKET RATE,600,1000,124,Real Data,1000,yes,https://www.aptindex.com/
1464229.0312776,538545.859452754,58,145,SHADOWOOD,1719 EASTCREST DRIVE,"CHARLOTTE, NC 28205",MARKET RATE,600,900,107,Real Data,900,yes,https://www.aptindex.com/
1468982.972229,573597.05378592,59,331,AUTUMN PARK,1801 INTERFACE LANE,"CHARLOTTE, NC 28262",MARKET RATE,700,1200,586,Real Data,1200,no,https://www.aptindex.com/
1487175.94338892,581775.900945261,60,447,GRAND RESERVE AT PAVILION,1801 WILLOW HAVEN LANE,"CHARLOTTE, NC 28262",MARKET RATE,700,1200,408,Real Data,1100,no,https://www.aptindex.com/
1491590.32038692,573950.056360751,61,337,WEXFORD,1811 WEXFORD MEADOWS LANE,"CHARLOTTE, NC 28262",MARKET RATE,600,1100,142,Real Data,900,yes,https://www.aptindex.com/
1481079.900791,509650.902150929,62,779,CREST AT GALLERIA,1815 GALLERIA CLUB LANE,"CHARLOTTE, NC 28270",MARKET RATE,700,1100,48,Real Data,1100,no,https://www.aptindex.com/
1425647.04610576,519336.125562593,63,586,HIDEAWAY LAKE,1825 CARRINGTON OAKS DRIVE,"CHARLOTTE, NC 28273",MARKET RATE,800,1200,274,Real Data,1200,no,https://www.aptindex.com/
1466520.30687876,561335.626209095,64,406,HUNTERS POINTE,1841 B PROSPECT DRIVE,"CHARLOTTE, NC 28213",MARKET RATE,500,1100,394,Real Data,1100,yes,https://www.aptindex.com/
1470966.94693559,543432.069168508,65,103,TOWNHOMES AT ASHBROOK,1921-F EASTWAY DRIVE,"CHARLOTTE, NC 28205",MARKET RATE,600,900,150,Real Data,800,yes,https://www.aptindex.com/
1445438.06426643,562197.890232593,66,125,ROYAL ORLEANS,1924-A MCALLISTER DRIVE,"CHARLOTTE, NC 28216",MARKET RATE,500,800,181,Real Data,800,yes,https://www.aptindex.com/
1440721.82533935,503529.41767475,67,184,SHARONRIDGE,1937 SHARON ROAD WEST,"CHARLOTTE, NC 28210",MARKET RATE,600,1000,75,Real Data,900,yes,https://www.aptindex.com/
1477494.32364459,548509.24339734,68,249,PARK CREEK,1951 MILTON ROAD,"CHARLOTTE, NC 28215",MARKET RATE,500,800,231,Real Data,800,yes,https://www.aptindex.com/
1465609.07969859,546974.106703833,69,018,CREEKSIDE,2000 PATIO COURT,"CHARLOTTE, NC 28205",MARKET RATE,400,700,57,Real Data,700,yes,https://www.aptindex.com/
1481821.00724842,579973.042346254,70,478,MALLARD GLEN,2002 LAYSAN TEAL LANE,"CHARLOTTE, NC 28262",MARKET RATE,600,1200,460,Real Data,1100,no,https://www.aptindex.com/
1471065.05533518,560050.030027002,71,111,MAPLE RUN I,2003 CANTERWOOD DRIVE,"CHARLOTTE, NC 28213",MARKET RATE,600,1100,103,Real Data,1000,yes,https://www.aptindex.com/
1422288.34908301,510795.93890284,72,819,LOFTS AT CHARLESTON ROW,"2025 AYRSLEY TOWN BLVD, STE 1105","CHARLOTTE, NC 28273",MARKET RATE,1100,1200,230,Real Data,1200,no,https://www.aptindex.com/
1479063.97404858,516258.075944424,73,449,TIMBER CREST AT GREENWAY,2025 TIMBER OAK DRIVE,"CHARLOTTE, NC 28212",MARKET RATE,600,1100,282,Real Data,1000,yes,https://www.aptindex.com/
1471444.88036293,560089.114922583,74,293,MAPLE RUN II,2101-2 CANTERWOOD DRIVE,"CHARLOTTE, NC 28213",MARKET RATE,500,1100,207,Real Data,1000,yes,https://www.aptindex.com/
1424499.75476517,512968.140923262,75,177,ARROWOOD CROSSING,2109 ARROWCREEK DRIVE,"CHARLOTTE, NC 28273",MARKET RATE,600,1100,200,Real Data,1100,yes,https://www.aptindex.com/
1478644.89516234,518524.041556835,76,251,VILLA EAST,2121 VILLAGE LAKE DR. (OFFICE),"CHARLOTTE, NC 28212",MARKET RATE,400,700,120,Real Data,600,yes,https://www.aptindex.com/
1440400.85714926,506146.869788915,77,199,SHARON CROSSING,2123 EL VERANO CIRCLE,"CHARLOTTE, NC 28210",MARKET RATE,500,1000,144,Real Data,900,yes,https://www.aptindex.com/
1442849.02974634,533404.506874591,78,194,SEDGEFIELD,215 POINDEXTER DRIVE,"CHARLOTTE, NC 28209",MARKET RATE,500,1100,303,Real Data,1200,no,https://www.aptindex.com/
1434909.6844046,510364.770801917,79,081,WINDGATE PLACE,220 BRANCHVIEW DRIVE,"CHARLOTTE, NC 28217",MARKET RATE,500,1000,196,Real Data,900,yes,https://www.aptindex.com/
1470707.11871509,542262.070196167,80,094,SLOPE,2205 KILBORNE DRIVE,"CHARLOTTE, NC 28205",MARKET RATE,500,900,128,Real Data,900,yes,https://www.aptindex.com/
1423682.24360493,512683.265180677,81,157,COFFEY CREEK,2208 YAGER CREEK DRIVE,"CHARLOTTE, NC 28273",MARKET RATE,600,1100,420,Real Data,1100,yes,https://www.aptindex.com/
1461280.45974693,553141.680982843,82,231,EDGE AT NODA,229 HILO DRIVE,"CHARLOTTE, NC 28206",MARKET RATE,500,1200,208,Real Data,1200,no,https://www.aptindex.com/
1480067.13510001,574696.93544443,83,334,ASHFORD GREEN,230 BARTON CREEK DRIVE,"CHARLOTTE, NC 28262",MARKET RATE,700,1300,300,Real Data,1200,no,https://www.aptindex.com/
1479458.48474251,518178.006815836,84,040,PARK 2300,2300 VILLAGE LAKE DRIVE,"CHARLOTTE, NC 28212",MARKET RATE,600,1100,384,Real Data,1100,no,https://www.aptindex.com/
1481694.04785667,555608.26430425,85,154,MEADOWBROOK,2320 GINGER LANE,"CHARLOTTE, NC 28213",MARKET RATE,500,1000,152,Real Data,800,yes,https://www.aptindex.com/
1426466.94866543,519394.883647174,86,605,COTTONWOOD RESERVE,2325 COURTNEY OAKS ROAD,"CHARLOTTE, NC 28217",MARKET RATE,800,1300,280,Real Data,1300,no,https://www.aptindex.com/
1419254.12910159,509799.614123836,87,596,SUMMERFIELD,2352 TOWNSHIP ROAD,"CHARLOTTE, NC 28273",AFFORDABLE,600,1100,52,Real Data,1100,Aff,https://www.aptindex.com/
1424026.10184109,514473.518818006,88,344,WHITEHALL ESTATES,2400 WHITEHALL ESTATES DRIVE,"CHARLOTTE, NC 28273",MARKET RATE,700,1200,252,Real Data,1200,no,https://www.aptindex.com/
1451891.15076968,552520.962408006,89,783,"ALEXANDER, THE",2425 STATESVILLE AVENUE,"CHARLOTTE, NC 28206",AFFORDABLE,400,900,96,Real Data,700,Aff,https://www.aptindex.com/
1435192.968943,539934.096505672,90,311,KINGSPARK,2425-A KINGSPARK DRIVE,"CHARLOTTE, NC 28208",MARKET RATE,500,900,110,Real Data,800,yes,https://www.aptindex.com/
1468976.2698146,541229.047327831,91,092,COUNTRY CLUB,2500 EASTWAY DRIVE,"CHARLOTTE, NC 28205",MARKET RATE,500,1000,454,Real Data,900,yes,https://www.aptindex.com/
1441611.13622476,535600.922757342,92,028,ONE BROOKHILL,"2506 TRYON STREET, SOUTH","CHARLOTTE, NC 28203",MARKET RATE,500,600,416,Real Data,500,yes,https://www.aptindex.com/
1473219.01592226,584502.041818425,93,436,"TRADITION, THE",2525 CRESCENT VIEW DRIVE,"CHARLOTTE, NC 28269",MARKET RATE,900,1300,360,Real Data,1200,no,https://www.aptindex.com/
1422733.39674935,514748.124896094,94,931,WHITEHALL CROSSING,"2650 ARROWOOD ROAD, WEST","CHARLOTTE, NC 28273",AFFORDABLE,800,800,96,Real Data,800,Aff,https://www.aptindex.com/
1463645.89628901,538114.867860675,95,758,OAK VALLEY,2700 OAK VALLEY LANE,"CHARLOTTE, NC 28205",AFFORDABLE,400,700,50,Real Data,700,Aff,https://www.aptindex.com/
1471972.87438567,537875.519258007,96,522,BRADFORD COMMONS,2710 #4 EASTPORT ROAD,"CHARLOTTE, NC 28205",MARKET RATE,500,1000,120,Real Data,1000,yes,https://www.aptindex.com/
1462389.7652711,536716.950380921,97,178,VISTA COMMONS,2728 COMMONWEALTH AVENUE,"CHARLOTTE, NC 28205",MARKET RATE,500,1000,132,Real Data,1000,yes,https://www.aptindex.com/
1436715.88026726,539134.873694673,98,155,LAKEWOOD MANOR,2732 WATSON DRIVE #1,"CHARLOTTE, NC 28208",MARKET RATE,400,700,50,Real Data,700,yes,https://www.aptindex.com/
1436248.03605859,543451.830283836,99,197,WEYLAND,2814 MARLOWE AVENUE,"CHARLOTTE, NC 28208",MARKET RATE,600,900,168,Real Data,900,yes,https://www.aptindex.com/
1471164.61091034,538637.357957423,100,168,KILBORNE,2900 KILBORNE DRIVE,"CHARLOTTE, NC 28205",MARKET RATE,500,800,90,Real Data,800,yes,https://www.aptindex.com/
1427483.13528134,549554.383367419,101,312,FORESTBROOK,2903 FOREST BROOK DRIVE,"CHARLOTTE, NC 28208",MARKET RATE,500,900,262,Real Data,900,yes,https://www.aptindex.com/
1425344.61987334,549196.853242591,102,787,WILLOW OAK RUN,2908 TURNING OAK DRIVE,"CHARLOTTE, NC 28208",AFFORDABLE,600,700,85,Real Data,700,Aff,https://www.aptindex.com/
1430505.04426375,535993.09323284,103,615,TYVOLA CROSSING,2909 CROSS ROADS PLACE,"CHARLOTTE, NC 28208",AFFORDABLE,500,800,80,Real Data,800,Aff,https://www.aptindex.com/
1428103.15766335,548517.057358086,104,046,SUNSET VILLAGE,2930 TACOMA STREET,"CHARLOTTE, NC 28208",MARKET RATE,600,1000,98,Real Data,1000,yes,https://www.aptindex.com/
1429467.28584059,536968.720874757,105,229,PONDEROSA,3016 KENHILL DRIVE,"CHARLOTTE, NC 28208",MARKET RATE,500,1000,113,Real Data,1000,yes,https://www.aptindex.com/
1471715.61735426,583430.181429341,106,599,COLONIAL GRAND @ MALLARD CREEK,3025 MALLARD HILL DRIVE,"CHARLOTTE, NC 28269",MARKET RATE,800,1200,252,Real Data,1200,no,https://www.aptindex.com/
1482648.97508067,577543.011773258,107,498,HIGHLANDS@ ALEXANDER PT.,310 HIGHROAD DRIVE,"CHARLOTTE, NC 28262",MARKET RATE,900,1300,309,Real Data,1200,no,https://www.aptindex.com/
1441694.96414109,556125.135645837,108,651,BRAMAR GARDENS,3115 SOUTHWEST BLVD #7,"CHARLOTTE, NC 28216",AFFORDABLE,500,800,123,Real Data,800,Aff,https://www.aptindex.com/
1427867.88254334,548016.857571095,109,222,GLEN HAVEN,3117 TACOMA STREET,"CHARLOTTE, NC 28208",MARKET RATE,500,800,270,Real Data,800,yes,https://www.aptindex.com/
1465041.01784259,539112.145065591,110,016,SOHO ON CENTRAL,3143 CENTRAL AVENUE,"CHARLOTTE, NC 28205",MARKET RATE,600,1200,155,Real Data,1100,no,https://www.aptindex.com/
1460348.79658401,569151.706049338,111,446,NEVIN PLACE,3146 BARODA LANE,"CHARLOTTE, NC 28269",MARKET RATE,700,1000,55,Real Data,1000,yes,https://www.aptindex.com/
1457343.27667642,562212.433838665,112,096,TANGLEWOOD,3200 DALECREST DRIVE,"CHARLOTTE, NC 28269",MARKET RATE,500,900,96,Real Data,900,yes,https://www.aptindex.com/
1466418.351374,581543.487368092,113,067,RADBOURNE LAKE,3209 WESTBURY LAKE DRIVE,"CHARLOTTE, NC 28269",MARKET RATE,800,1300,225,Real Data,1200,no,https://www.aptindex.com/
1471436.28195493,545157.333106428,114,302,WINDSOR HARBOR,3217 SHAMROCK DRIVE,"CHARLOTTE, NC 28215",MARKET RATE,600,900,200,Real Data,900,yes,https://www.aptindex.com/
1465437.00720809,538509.855915844,115,873,VYNE ON CENTRAL,"3220 CENTRAL AVE, APT.105","CHARLOTTE, NC 28205",MARKET RATE,1000,1300,98,Real Data,1200,no,https://www.aptindex.com/
1446682.77601585,527787.514171585,116,233,PARKHILL CONDOMINIUMS,3301-L PARK ROAD,"CHARLOTTE, NC 28209",MARKET RATE,600,1100,53,Real Data,900,yes,https://www.aptindex.com/
1470770.9745585,542675.129081339,117,022,HILLROCK ESTATES,3317 MAGNOLIA HILL DRIVE,"CHARLOTTE, NC 28205",MARKET RATE,500,900,341,Real Data,900,yes,https://www.aptindex.com/
1461921.1973106,550587.854069501,118,592,LOFTS AT NODA MILLS,"3327 DAVIDSON STREET, NORTH","CHARLOTTE, NC 28205",MARKET RATE,700,800,48,Real Data,800,yes,https://www.aptindex.com/
1471521.04458067,559306.963927835,119,132,TOWNES AT UNIVERSITY POINTE,336 BLACKHAWK ROAD,"CHARLOTTE, NC 28213",MARKET RATE,500,1000,428,Real Data,1100,yes,https://www.aptindex.com/
1468126.93522717,535842.83697167,120,187,BISCAYNE,3401-G BISCAYNE DRIVE,"CHARLOTTE, NC 28205",MARKET RATE,600,1100,54,Real Data,1100,no,https://www.aptindex.com/
1418274.03132425,578922.127781421,121,614,RIVERMERE,3404 DUNN COMMONS PKWY,"CHARLOTTE, NC 28216",MKT/AFFORD,700,1000,172,Real Data,1000,yes,https://www.aptindex.com/
1474619.56856734,535014.501358002,122,057,TEAL POINT,"3431 SHARON AMITY, NORTH","CHARLOTTE, NC 28205",MARKET RATE,500,800,216,Real Data,800,yes,https://www.aptindex.com/
1482645.97082159,595131.944443092,123,699,MILL POND,3515 LAUREL MILL DRIVE,"CHARLOTTE, NC 28262",MKT/AFFORD,700,1100,168,Real Data,1100,yes,https://www.aptindex.com/
1474358.33713442,535439.043159842,124,313,GREENBRYRE,3541 SPANISH QUARTER CIRCLE,"CHARLOTTE, NC 28205",MARKET RATE,500,1000,174,Real Data,1000,yes,https://www.aptindex.com/
1426247.171874,536959.520105749,125,786,RESIDENCES AT RENAISSANCE,3610 NOBLES AVENUE,"CHARLOTTE, NC 28208",MKT/AFFORD,700,900,224,Real Data,900,yes,https://www.aptindex.com/
1436538.75923042,550480.310321346,126,793,GLENWOOD POINT,3639 HASHEM DRIVE,"CHARLOTTE, NC 28208",AFFORDABLE,500,500,98,Real Data,500,Aff,https://www.aptindex.com/
1461791.96856642,553754.218143582,127,004,CEDAR GREENE,3720 FREW ROAD,"CHARLOTTE, NC 28206",MARKET RATE,500,800,224,Real Data,800,yes,https://www.aptindex.com/
1465120.19616193,582432.825812504,128,413,CHESHIRE CHASE,3724 CONNERY COURT,"CHARLOTTE, NC 28269",AFFORDABLE,700,1000,55,Real Data,1000,Aff,https://www.aptindex.com/
1469987.05880351,546711.337544337,129,146,SHAMROCK GARDENS,3779 MICHIGAN AVENUE,"CHARLOTTE, NC 28215",MARKET RATE,400,600,279,Real Data,600,yes,https://www.aptindex.com/
1438867.33561,557198.445835173,130,523,THOMPSON PLACE,3910 THOMPSON STREET,"CHARLOTTE, NC 28216",MARKET RATE,500,700,67,Real Data,700,yes,https://www.aptindex.com/
1462247.60709085,553847.575568423,131,562,VILLAGE OF ROSEDALE,3925 TIFFANY ROSE PLACE,"CHARLOTTE, NC 28206",AFFORDABLE,500,700,106,Real Data,700,Aff,https://www.aptindex.com/
1440272.91088285,527508.051804006,132,176,SOUTHGATE,4001 CONWAY AVENUE,"CHARLOTTE, NC 28209",MARKET RATE,500,900,310,Real Data,900,yes,https://www.aptindex.com/
1453932.37831451,502856.774335012,133,060,QUAIL VALLEY ON CARMEL,4012 QUAIL FOREST DRIVE,"CHARLOTTE, NC 28226",MARKET RATE,600,1100,232,Real Data,1100,no,https://www.aptindex.com/
1473742.51225059,537003.416015342,134,003,EASTLAND VILLAGE,4016 ROSEHAVEN DRIVE,"CHARLOTTE, NC 28205",MARKET RATE,500,800,98,Real Data,800,yes,https://www.aptindex.com/
1462628.8514071,580454.699519426,135,497,BEXLEY CREEKSIDE,4101 DOUBLE CREEK CROSSING DRIVE,"CHARLOTTE, NC 28269",MARKET RATE,700,1300,492,Real Data,1200,no,https://www.aptindex.com/
1468214.86516942,555006.067017838,136,230,TRYON FOREST,411 LAMBETH DRIVE #2,"CHARLOTTE, NC 28213",MARKET RATE,400,1000,169,Real Data,1000,yes,https://www.aptindex.com/
1410780.55254485,513750.132797584,137,494,LANDINGS AT STEELE CREEK,4250 BRANCH BEND LANE,"CHARLOTTE, NC 28273",AFFORDABLE,700,1100,120,Real Data,900,Aff,https://www.aptindex.com/
1462092.67400175,554414.5983845,138,162,ENGLISH GARDEN TOWNHOMES,"431 CRAIGHEAD ROAD, WEST","CHARLOTTE, NC 28206",MARKET RATE,500,800,66,Real Data,800,yes,https://www.aptindex.com/
1466514.45780909,531306.394272923,139,164,BRIARCLIFF,4314-A1 COMMONWEALTH AVENUE,"CHARLOTTE, NC 28205",MARKET RATE,500,900,84,Real Data,900,yes,https://www.aptindex.com/
1464675.32237975,556483.318984583,140,227,SAGE POINT,4333 CINDERELLA ROAD,"CHARLOTTE, NC 28213",MARKET RATE,500,1100,98,Real Data,1100,yes,https://www.aptindex.com/
1470566.0773305,538122.604065672,141,300,PEPPERTREE,4335 CENTRAL AVENUE,"CHARLOTTE, NC 28205",MARKET RATE,400,1000,292,Real Data,1000,yes,https://www.aptindex.com/
1481490.01119126,552674.916168332,142,454,CROSSINGS AT REEDY CREEK,4400 JOHN PENN CIRCLE,"CHARLOTTE, NC 28215",MARKET RATE,500,1000,207,Real Data,1000,yes,https://www.aptindex.com/
1451168.779511,506906.526078001,143,056,SOUTHPARK COMMONS,4401 HAMPTON RIDGE DRIVE,"CHARLOTTE, NC 28210",MARKET RATE,700,1400,232,Real Data,1200,no,https://www.aptindex.com/
1460095.13009658,512482.924373999,144,066,CAMDEN SIMSBURY,4428 SIMSBURY ROAD,"CHARLOTTE, NC 28226",MARKET RATE,700,1400,100,Real Data,1200,no,https://www.aptindex.com/
1472266.73600267,537437.914162084,145,075,DARBY TERRACE,4501 CENTRAL AVENUE,"CHARLOTTE, NC 28205",MARKET RATE,600,1000,62,Real Data,1000,yes,https://www.aptindex.com/
1464329.12884642,498371.11335884,146,234,SWAN RUN,4600 SWAN MEADOW LANE,"CHARLOTTE, NC 28226",MARKET RATE,700,1100,92,Real Data,1100,yes,https://www.aptindex.com/
1456642.90012443,513014.050280258,147,244,MADISON SOUTHPARK,4605 COLONY ROAD,"CHARLOTTE, NC 28226",MARKET RATE,700,1300,250,Real Data,1200,no,https://www.aptindex.com/
1459845.05021617,513297.013953179,148,062,CAMDEN FOXCROFT,4612 SIMSBURY ROAD,"CHARLOTTE, NC 28226",MARKET RATE,700,1200,156,Real Data,1100,no,https://www.aptindex.com/
1488964.10254225,525118.074628592,149,264,VICTORIA PARK,4616 STONEY TRACE DRIVE,"CHARLOTTE, NC 28227",MARKET RATE,500,1000,380,Real Data,1000,yes,https://www.aptindex.com/
1472933.01419768,536573.824354842,150,212,MISTY WOODS,4630 CENTRAL AVENUE,"CHARLOTTE, NC 28205",MARKET RATE,500,900,228,Real Data,900,yes,https://www.aptindex.com/
1477740.47243051,540400.842947513,151,013,WELLINGTON FARMS,4700 TWISTED OAKS ROAD,"CHARLOTTE, NC 28212",MARKET RATE,600,900,254,Real Data,900,yes,https://www.aptindex.com/
1468235.27785826,529966.448462009,152,169,LAKE HILL,4811 MONROE ROAD,"CHARLOTTE, NC 28205",MARKET RATE,600,900,183,Real Data,900,yes,https://www.aptindex.com/
1480833.83960333,542552.965939835,153,252,KIMMERLY GLEN,4908 ENDOLWOOD DRIVE,"CHARLOTTE, NC 28215",MARKET RATE,500,1000,260,Real Data,900,yes,https://www.aptindex.com/
1458732.91464518,580520.873599678,154,333,OAKS,4915 MISTY OAKS DRIVE,"CHARLOTTE, NC 28269",MARKET RATE,600,1200,318,Real Data,1200,no,https://www.aptindex.com/
1449440.5684005,571360.060884595,155,564,IVY HOLLOW,4920 TANAGER PARK DRIVE,"CHARLOTTE, NC 28869",MARKET RATE,600,1300,228,Real Data,1200,no,https://www.aptindex.com/
1430294.68051125,550755.206097007,156,095,LAKE ARBOR,4929 TUCKASEEGEE ROAD,"CHARLOTTE, NC 28208",MARKET RATE,500,1000,288,Real Data,900,yes,https://www.aptindex.com/
1474462.96815875,536866.984529674,157,238,CENTRAL POINTE,4933 CENTRAL AVENUE,"CHARLOTTE, NC 28205",MARKET RATE,500,1100,336,Real Data,1100,yes,https://www.aptindex.com/
1462236.12745501,554865.000698924,158,167,ENGLISH GARDEN,500 CRAIGHEAD ROAD,"CHARLOTTE, NC 28206",MARKET RATE,400,800,120,Real Data,700,yes,https://www.aptindex.com/
1468879.11318475,549507.141992092,159,537,LINKS AT CITISIDE,5005 COMMUNITY CIRCLE,"CHARLOTTE, NC 28215",MARKET RATE,600,1200,276,Real Data,1200,no,https://www.aptindex.com/
1436819.55656908,514828.884905174,160,294,EMERALD BAY,5029 CHERRYCREST LANE,"CHARLOTTE, NC 28217",MARKET RATE,600,900,250,Real Data,900,yes,https://www.aptindex.com/
1451215.77351151,543720.462292507,161,284,TRYON HOUSE,"508 TRYON STREET, NORTH","CHARLOTTE, NC 28202",MARKET RATE,600,800,85,Real Data,800,yes,https://www.aptindex.com/
1469261.71412559,528502.683344916,162,001,AFTON HOUSE,5139 ELDER AVENUE,"CHARLOTTE, NC 28205",MARKET RATE,500,800,71,Real Data,800,yes,https://www.aptindex.com/
1447230.25359543,583051.58769834,163,580,ABBERLY WOODS,5301 ROUNDSTONE WAY,"CHARLOTTE, NC 28216",MARKET RATE,700,1200,492,Real Data,1200,no,https://www.aptindex.com/
1490051.89236142,529282.725091919,164,511,LAWYERS RIDGE,5310 MCALPINE GLENN DRIVE,"CHARLOTTE, NC 28227",MARKET RATE,600,1000,144,Real Data,1000,yes,https://www.aptindex.com/
1469490.1329601,526909.113697425,165,179,COURTYARD,5312-5 MONTAGUE STREET,"CHARLOTTE, NC 28205",MARKET RATE,700,1100,55,Real Data,1100,yes,https://www.aptindex.com/
1469356.08204709,594772.293259501,166,712,CENTURY HIGHLAND CREEK,5410 PROSPERITY RIDGE ROAD,"CHARLOTTE, NC 28269",MARKET RATE,900,1200,338,Real Data,1200,no,https://www.aptindex.com/
1475376.97650135,534023.96593751,167,078,SAILBOAT BAY,5417 ALBEMARLE ROAD,"CHARLOTTE, NC 28212",MARKET RATE,500,800,357,Real Data,800,yes,https://www.aptindex.com/
1452239.77605668,542332.125502259,168,459,FIRST WARD PLACE,550 E. 8TH STREET,"CHARLOTTE, NC 28202",MKT/AFFORD,800,1200,151,Real Data,1200,no,https://www.aptindex.com/
1476543.19857834,532150.701639429,169,113,HEATHERWOOD TRACE,5600 PACES GLEN AVENUE,"CHARLOTTE, NC 28212",MARKET RATE,500,900,172,Real Data,900,yes,https://www.aptindex.com/
1480777.55559517,533961.511666089,170,104,FOREST HILLS,5603-A FARM POND LANE,"CHARLOTTE, NC 28212",MARKET RATE,600,1000,258,Real Data,1000,yes,https://www.aptindex.com/
1484048.52379076,541696.324936584,171,158,AXIOM,5625 KEYWAY BLVD,"CHARLOTTE, NC 28215",MARKET RATE,600,1000,202,Real Data,1000,yes,https://www.aptindex.com/
1481116.08280526,544547.043644592,172,557,SHARON POINTE,5626 SHARON POINTE ROAD,"CHARLOTTE, NC 28215",MARKET RATE,600,1100,190,Real Data,900,yes,https://www.aptindex.com/
1475404.95282334,532138.422136426,173,393,THORNGROVE,5701 AMITY SPRINGS DRIVE,"CHARLOTTE, NC 28212",MARKET RATE,700,1100,144,Real Data,1000,yes,https://www.aptindex.com/
1477058.72248167,526042.648566842,174,129,ASHLEY PLACE,5709 ELECTRA LANE,"CHARLOTTE, NC 28212",MARKET RATE,600,900,266,Real Data,900,yes,https://www.aptindex.com/
1487250.95078485,533808.123193339,175,218,COPPER CREEK,5710 COPPER CREEK COURT,"CHARLOTTE, NC 28227",MARKET RATE,600,1000,208,Real Data,900,yes,https://www.aptindex.com/
1476436.76014292,527262.463712499,176,175,ARCADIAN VILLAGE,5723 #2 CEDARS EAST COURT,"CHARLOTTE, NC 28212",MARKET RATE,400,1100,362,Real Data,1000,yes,https://www.aptindex.com/
1424125.82014559,535147.464346677,177,266,STONEWALL JACKSON HOMES,5751 AIRPORT DRIVE,"CHARLOTTE, NC 28208",MARKET RATE,400,900,85,Real Data,900,yes,https://www.aptindex.com/
1477219.32255417,532908.88745901,178,232,PARK HAVEN,5821 REDDMAN ROAD,"CHARLOTTE, NC 28212",MARKET RATE,500,800,112,Real Data,800,yes,https://www.aptindex.com/
1476234.42163683,526736.235434249,179,323,CHATHAM II,5822 #1 CEDARS EAST COURT,"CHARLOTTE, NC 28212",MARKET RATE,500,800,51,Real Data,800,yes,https://www.aptindex.com/
1476449.97993276,533050.954432085,180,215,EAGLES WALK,5826 REDDMAN ROAD,"CHARLOTTE, NC 28212",MARKET RATE,500,900,162,Real Data,800,yes,https://www.aptindex.com/
1477201.05257758,550762.023340583,181,589,FAIRMARKET SQUARE,5914 FAIRMARKET PLACE,"CHARLOTTE, NC 28215",AFFORDABLE,500,800,60,Real Data,800,Aff,https://www.aptindex.com/
1472502.12824842,526709.057667091,182,124,HANOVER LANDING,5920 MONROE ROAD,"CHARLOTTE, NC 28212",MARKET RATE,500,900,192,Real Data,900,yes,https://www.aptindex.com/
1481100.140908,531809.470366508,183,208,SUMMIT RIDGE,5923 FARM POND LANE,"CHARLOTTE, NC 28212",MARKET RATE,500,1100,240,Real Data,1100,no,https://www.aptindex.com/
1467774.24334726,507452.550904587,184,140,RESERVE AT PROVIDENCE I,5931 PROVIDENCE ROAD,"CHARLOTTE, NC 28226",MARKET RATE,600,1000,476,Real Data,1000,yes,https://www.aptindex.com/
1484292.96391867,537135.889175594,185,034,DELTA CROSSING,6000 DELTA CROSSING LANE,"CHARLOTTE, NC 28212",MARKET RATE,600,1100,178,Real Data,1100,yes,https://www.aptindex.com/
1478898.06361926,534934.84305276,186,439,AVALON HEIGHTS II,6000 REGAL ESTATES LANE,"CHARLOTTE, NC 28212",MARKET RATE,600,1000,240,Real Data,900,yes,https://www.aptindex.com/
1463395.15532067,569902.702250749,187,474,GRAYSON,6001 BENNETTSVILLE LANE,"CHARLOTTE, NC 28262",MARKET RATE,600,1100,240,Real Data,1100,yes,https://www.aptindex.com/
1482183.09051375,544507.99844709,188,198,HAMILTON SQUARE,6017 WILLIAMS ROAD,"CHARLOTTE, NC 28215",MARKET RATE,600,900,120,Real Data,900,yes,https://www.aptindex.com/
1434272.13810751,524796.813132003,189,412,CENTURY PARKSIDE,605 CANDLER LANE,"CHARLOTTE, NC 28217",MARKET RATE,800,1200,300,Real Data,1200,no,https://www.aptindex.com/
1476120.95270367,570723.833154425,190,648,COLONIAL GRAND @ UNIV CTR,608 MCCULLOUGH DRIVE,"CHARLOTTE, NC 28262",MARKET RATE,800,1200,156,Real Data,1200,no,https://www.aptindex.com/
1480497.60733618,534724.881530419,191,105,EAGLE WOODS,6110 FOREST GLEN DRIVE,"CHARLOTTE, NC 28212",MARKET RATE,500,900,112,Real Data,900,yes,https://www.aptindex.com/
1477687.44957067,531639.014014512,192,245,WOODLAND ESTATES,6147 WINGED ELM COURT,"CHARLOTTE, NC 28212",MARKET RATE,600,1100,330,Real Data,1000,yes,https://www.aptindex.com/
1456299.01301692,489171.06384559,193,326,FAIRWAYS AT PIPER GLEN,6200 BIRKDALE VALLEY DR,"CHARLOTTE, NC 28277",MARKET RATE,700,1100,336,Real Data,1100,no,https://www.aptindex.com/
1471514.95666634,557944.96435526,194,303,WOODLAND HOLLOW,6205 DOVE TREE LANE,"CHARLOTTE, NC 28213",MARKET RATE,500,1000,252,Real Data,900,yes,https://www.aptindex.com/
1462909.40563601,581258.841940001,195,321,WATERFORD HILLS,6219 WATERFORD HILLS DRIVE,"CHARLOTTE, NC 28269",MARKET RATE,700,1200,270,Real Data,1100,no,https://www.aptindex.com/
1461270.56934676,581174.103920504,196,420,ADDISON PARK,6225 HACKBERRY CREEK TRAIL,"CHARLOTTE, NC 28269",MARKET RATE,700,1200,426,Real Data,1200,no,https://www.aptindex.com/
1478380.0420175,550363.047104418,197,237,VISTA VILLAS,6309 MONTEGO DRIVE,"CHARLOTTE, NC 28215",MARKET RATE,500,1000,238,Real Data,1000,yes,https://www.aptindex.com/
1481330.93998709,532129.973990589,198,211,DEVONWOOD,6320 WOODBEND DRIVE,"CHARLOTTE, NC 28212",MARKET RATE,500,900,296,Real Data,800,yes,https://www.aptindex.com/
1434798.96546592,514990.635565922,199,038,LEXINGTON GREEN,636 ARCHDALE DRIVE,"CHARLOTTE, NC 28217",MARKET RATE,600,1100,128,Real Data,1100,yes,https://www.aptindex.com/
1434826.92505567,516397.062215,200,298,HIGHLANDS,639 ARCHDALE DRIVE,"CHARLOTTE, NC 28217",MARKET RATE,600,900,176,Real Data,900,yes,https://www.aptindex.com/
1434956.80766992,511567.459997594,201,116,BROOK VALLEY,640 DEANNA LANE,"CHARLOTTE, NC 28217",MARKET RATE,600,900,161,Real Data,900,yes,https://www.aptindex.com/
1481172.26149867,532341.90368484,202,261,WOODLANDS,6401 WOODBEND DRIVE,"CHARLOTTE, NC 28212",MARKET RATE,500,900,128,Real Data,900,yes,https://www.aptindex.com/
1445898.95113993,493341.846842587,203,593,MCMULLEN WOODS,6508-C WALSH BOULEVARD,"CHARLOTTE, NC 28226",AFFORDABLE,400,700,55,Real Data,700,Aff,https://www.aptindex.com/
1432003.45662126,519203.759029418,204,329,POINTE,6530 FREE THROW COURT,"CHARLOTTE, NC 28217",MARKET RATE,600,1300,340,Real Data,1200,no,https://www.aptindex.com/
1482178.99472143,578470.600469261,205,691,PHILLIPS MALLARD CREEK,"655 MALLARD CREEK CHURCH RD, WEST","CHARLOTTE, NC 28262",MARKET RATE,900,1100,324,Real Data,1100,no,https://www.aptindex.com/
1439999.32875285,512769.176426172,206,296,ARCHDALE MANOR,6614 WISTERIA DRIVE,"CHARLOTTE, NC 28210",MARKET RATE,600,1000,243,Real Data,1000,yes,https://www.aptindex.com/
1482523.9021681,532769.96975784,207,275,WOODBRIDGE,6619 YATESWOOD DRIVE,"CHARLOTTE, NC 28212",MARKET RATE,500,1000,192,Real Data,900,yes,https://www.aptindex.com/
1483041.45657918,534563.463874251,208,085,OASIS AT REGAL OAKS,6701 ENGLISH HILLS DRIVE,"CHARLOTTE, NC 28212",MARKET RATE,500,900,280,Real Data,800,yes,https://www.aptindex.com/
1451600.08507884,490027.988968998,209,270,RETREAT @ MCALPINE CREEK,6800 FISHERS FARM LANE,"CHARLOTTE, NC 28277",MARKET RATE,600,1400,400,Real Data,1200,no,https://www.aptindex.com/
1450093.89747442,490695.211387843,210,348,MARQUIS OF CARMEL VALLEY,6905 POPPY HILLS LANE,"CHARLOTTE, NC 28226",MARKET RATE,800,1300,424,Real Data,1300,no,https://www.aptindex.com/
1468939.86076668,562184.183895171,211,582,CROSSROADS STATION,6940 HIDDEN FOREST DRIVE,"CHARLOTTE, NC 28213",MARKET RATE,500,900,108,Real Data,900,yes,https://www.aptindex.com/
1475842.08744776,516179.054777011,212,106,STONEHAVEN EAST,7000 FERNWOOD DRIVE,"CHARLOTTE, NC 28211",MARKET RATE,500,1100,240,Real Data,1000,yes,https://www.aptindex.com/
1479430.60389276,546548.869037256,213,142,SHARON PINES,7000-8 BARRINGTON DRIVE,"CHARLOTTE, NC 28215",MARKET RATE,500,1000,310,Real Data,900,yes,https://www.aptindex.com/
1485119.45340742,531434.556090087,214,205,HERITAGE PARK,7100 SNOW LANE,"CHARLOTTE, NC 28227",MARKET RATE,600,900,151,Real Data,800,yes,https://www.aptindex.com/
1476354.10938959,523335.972877845,215,065,PARKWOOD EAST,7108 WALLACE ROAD,"CHARLOTTE, NC 28212",MARKET RATE,500,1000,128,Real Data,1000,yes,https://www.aptindex.com/
1434708.78323159,513372.159800261,216,180,LANDINGS AT FARMHURST,711 FARMHURST DRIVE,"CHARLOTTE, NC 28217",MARKET RATE,600,900,125,Real Data,800,yes,https://www.aptindex.com/
1479096.00187168,545516.870117009,217,082,WOODFIELD GARDENS,7113 VILLAGE GREEN DRIVE,"CHARLOTTE, NC 28215",MARKET RATE,500,900,132,Real Data,800,yes,https://www.aptindex.com/
1445745.80479267,583113.673204094,218,836,HIGHLAND PARK AT NORTHLAKE,7116 FINN HALL AVENUE,"CHARLOTTE, NC 28216",MARKET RATE,1000,1200,240,Real Data,1200,no,https://www.aptindex.com/
1483538.85715917,534230.981927678,219,047,SOMERSTONE,7139 WINDING CEDAR TRAIL,"CHARLOTTE, NC 28212",MARKET RATE,600,1000,360,Real Data,1000,yes,https://www.aptindex.com/
1476922.96783192,523065.931095093,220,086,W FLATS,7200 WALLACE ROAD,"CHARLOTTE, NC 28212",MARKET RATE,600,900,247,Real Data,900,yes,https://www.aptindex.com/
1470898.67180967,499432.821537256,221,327,COLONIAL GRAND @ BEVERLY CREST,7201 SHANNOPIN DRIVE,"CHARLOTTE, NC 28270",MARKET RATE,700,1200,300,Real Data,1200,no,https://www.aptindex.com/
1485858.5506825,534506.178883836,222,204,GREEN ROCK,7259 POINT LAKE DRIVE,"CHARLOTTE, NC 28227",MARKET RATE,500,1100,296,Real Data,1000,yes,https://www.aptindex.com/
1462542.09469084,528670.046527252,223,185,WENDOVER WALK,"740 WENDOVER ROAD, NORTH","CHARLOTTE, NC 28211",MARKET RATE,500,1000,86,Real Data,900,yes,https://www.aptindex.com/
1478528.00792892,517486.15518117,224,021,CROWN POINT,7422 PEBBLESTONE DRIVE,"CHARLOTTE, NC 28212",MARKET RATE,700,1200,214,Real Data,1200,no,https://www.aptindex.com/
1442302.00393751,503377.013780087,225,076,BRIDGES @ QUAIL HOLLOW,7561 QUAIL MEADOW LANE,"CHARLOTTE, NC 28210",MARKET RATE,700,1200,90,Real Data,1200,no,https://www.aptindex.com/
1440069.56122392,507081.948955506,226,213,PINETREE,7600 ANTLERS LANE,"CHARLOTTE, NC 28210",MARKET RATE,500,1100,220,Real Data,1000,yes,https://www.aptindex.com/
1424975.0464655,514863.092842013,227,515,COLONIAL VILLAGE @ SOUTH TRYON,7601 HOLLISWOOD COURT,"CHARLOTTE, NC 28217",MARKET RATE,700,1200,216,Real Data,1100,no,https://www.aptindex.com/
1447676.14902909,493827.069625422,228,351,WATERFORD SQUARE,7601 WATERFORD SQUARE DRIVE,"CHARLOTTE, NC 28226",MARKET RATE,500,1000,694,Real Data,1000,yes,https://www.aptindex.com/
1438692.47211459,511594.80049409,229,697,SOUTH OAK CROSSING,7609 OLD PINEVILLE ROAD,"CHARLOTTE, NC 28217",AFFORDABLE,700,1100,172,Real Data,1100,Aff,https://www.aptindex.com/
1468198.0387595,496418.957158178,230,088,ARBORETUM,7700 ARBORETUM DRIVE,"CHARLOTTE, NC 28270",MARKET RATE,700,1300,277,Real Data,1200,no,https://www.aptindex.com/
1444612.04656151,494551.082285002,231,202,BERKSHIRE PLACE,7700 CEDAR POINT LANE,"CHARLOTTE, NC 28210",MARKET RATE,500,1100,240,Real Data,1100,no,https://www.aptindex.com/
1441456.1670465,505895.846668929,232,172,ANDOVER WOODS,7808 ANDOVER WOODS DRIVE,"CHARLOTTE, NC 28210",MARKET RATE,600,1000,392,Real Data,1000,yes,https://www.aptindex.com/
1482273.09689543,515514.891735256,233,295,MATTHEWS CROSSING I,7815 CALIBRE CROSSING DRIVE,"CHARLOTTE, NC 28227",MARKET RATE,600,1100,240,Real Data,1100,no,https://www.aptindex.com/
1482273.09689543,515514.891735256,234,470,MATTHEWS CROSSING II,7815 CALIBRE CROSSING DRIVE,"CHARLOTTE, NC 28227",MARKET RATE,700,1200,220,Real Data,1200,no,https://www.aptindex.com/
1467897.10596243,574470.876841426,235,433,LODGE AT MALLARD CREEK,7815 CHELSEA JADE LANE,"CHARLOTTE, NC 28269",MARKET RATE,600,1100,264,Real Data,1100,yes,https://www.aptindex.com/
1481346.84120201,516520.413018167,236,007,MCALPINE RIDGE,7900 KREFELD DRIVE,"CHARLOTTE, NC 28227",MARKET RATE,500,1000,320,Real Data,1000,yes,https://www.aptindex.com/
1466684.08148558,494437.944716007,237,304,SHOREWOOD AT RAINTREE,7907 SHOREWOOD DRIVE,"CHARLOTTE, NC 28277",MARKET RATE,800,1200,96,Real Data,1200,no,https://www.aptindex.com/
1468228.98325142,576254.019928679,238,023,ELON AT MALLARD CREEK,7916 HARRIS HILL LANE,"CHARLOTTE, NC 28269",MARKET RATE,600,1200,184,Real Data,1200,no,https://www.aptindex.com/
1440903.93849218,503288.182921007,239,207,RIVER BIRCH I,8000 RIVER BIRCH DRIVE,"CHARLOTTE, NC 28210",MARKET RATE,600,1100,210,Real Data,1100,no,https://www.aptindex.com/
1439345.97244801,506140.935745671,240,109,ANSON AT THE LAKES,8000 WATERFORD LAKES DRIVE,"CHARLOTTE, NC 28210",MARKET RATE,600,1200,694,Real Data,1200,no,https://www.aptindex.com/
1444136.61444151,586453.486078262,241,558,RESIDENCES AT BRAEMAR,8010 WOODSEDGE DRIVE,"CHARLOTTE, NC 28216",MARKET RATE,800,1300,160,Real Data,1200,no,https://www.aptindex.com/
1477362.95021968,518259.041430667,242,131,PARK AT SAN FERENTINO,8061 WOODSCAPE DRIVE,"CHARLOTTE, NC 28212",MARKET RATE,500,900,216,Real Data,900,yes,https://www.aptindex.com/
1440788.01549567,502219.977052167,243,658,RIVER BIRCH NORTHLAND,8200 RIVER BIRCH DRIVE,"CHARLOTTE, NC 28210",MARKET RATE,600,1300,184,Real Data,1200,no,https://www.aptindex.com/
1467448.71053375,580211.255452499,244,272,NORTHLAKE,8215 CRESCENT RIDGE DRIVE,"CHARLOTTE, NC 28269",MARKET RATE,700,1300,216,Real Data,1300,no,https://www.aptindex.com/
1481599.51294076,565259.69053942,245,336,CHANCELLOR PARK,8215 UNIVERSITY RIDGE,"CHARLOTTE, NC 28213",MARKET RATE,600,1200,340,Real Data,1100,no,https://www.aptindex.com/
1493542.06287451,538476.107623756,246,652,PLEASANT VIEW,8225 PENCE ROAD #B,"CHARLOTTE, NC 28215",AFFORDABLE,600,1000,85,Real Data,1000,Aff,https://www.aptindex.com/
1468647.12939675,577556.837204918,247,600,BEXLEY GREENWAY,8230 GREENWAY VILLAGE DRIVE,"CHARLOTTE, NC 28269",MARKET RATE,800,1200,266,Real Data,1200,no,https://www.aptindex.com/
1479025.91047643,516678.069198921,248,216,PARK AT SAN REMO,8242 RUNAWAY BAY DRIVE,"CHARLOTTE, NC 28212",MARKET RATE,500,1000,280,Real Data,1000,yes,https://www.aptindex.com/
1468124.34500925,579989.547890678,249,297,HARRIS POND,8301 HARRIS POND LANE,"CHARLOTTE, NC 28269",MARKET RATE,700,1200,170,Real Data,1200,no,https://www.aptindex.com/
1480889.62197208,565676.460703254,250,243,MAGNOLIA TERRACE,8301 PACES OAKS BLVD,"CHARLOTTE, NC 28213",MARKET RATE,600,1100,264,Real Data,1100,no,https://www.aptindex.com/
1443181.0025076,526350.002282843,251,041,ARBOR VILLAGE,839 SCALEYBARK ROAD,"CHARLOTTE, NC 28209",MARKET RATE,600,1100,220,Real Data,1100,yes,https://www.aptindex.com/
1442993.27978593,493190.411121845,252,130,ARIUM PINEVILLE,8401 HABERSHAM POINTE CIRCLE,"CHARLOTTE, NC 28226",MARKET RATE,600,1100,240,Real Data,1100,no,https://www.aptindex.com/
1436599.94349125,511003.273461923,253,200,MONTCLAIRE ESTATES,8508 LODGE S CIRCLE,"CHARLOTTE, NC 28217",MARKET RATE,600,1100,311,Real Data,1100,no,https://www.aptindex.com/
1438743.54648751,503393.678116843,254,415,RESERVE AT WATERFORD LAKES,8725 KODY MARIE COURT,"CHARLOTTE, NC 28210",MARKET RATE,700,1300,140,Real Data,1200,no,https://www.aptindex.com/
1482376.92050667,594715.854396001,255,702,RESERVE AT STONE HOLLOW,8800 HOLLOW CREEK CIRCLE,"CHARLOTTE, NC 28262",MARKET RATE,800,1300,194,Real Data,1200,no,https://www.aptindex.com/
1481691.57213984,566103.188852429,256,643,HEATHER RIDGE,8800 MEADOW VISTA ROAD,"CHARLOTTE, NC 28213",MARKET RATE,500,1100,192,Real Data,1100,yes,https://www.aptindex.com/
1470747.01200801,577724.997629762,257,525,COLONIAL GRAND @ LEGACY PARK,8810 LEGACY PARK DRIVE,"CHARLOTTE, NC 28269",MARKET RATE,700,1300,288,Real Data,1100,no,https://www.aptindex.com/
1435318.82236584,510067.524349168,258,448,ARROWOOD VILLAS,8825 MONT CARMEL LANE,"CHARLOTTE, NC 28217",AFFORDABLE,600,900,120,Real Data,900,Aff,https://www.aptindex.com/
1444270.90879235,501034.159869999,259,068,CROSSING AT QUAIL HOLLOW,8850 PARK ROAD,"CHARLOTTE, NC 28210",MARKET RATE,700,1200,128,Real Data,1200,no,https://www.aptindex.com/
1420141.06466368,510799.821112916,260,499,STONE RIDGE,8940 CAMDEN CREEK LANE,"CHARLOTTE, NC 28273",MARKET RATE,700,1300,318,Real Data,1200,no,https://www.aptindex.com/
1420896.69372985,509099.737242758,261,664,COLONIAL GRAND @ AYRSLEY,9005 LENOX POINTE DRIVE,"CHARLOTTE, NC 28273",MARKET RATE,800,1200,368,Real Data,1200,no,https://www.aptindex.com/
1483030.17969884,593312.241717666,262,882,ARDMORE KINGS GRANT,9015 KINGS GRANT DRIVE,"CHARLOTTE, NC 28262",MARKET RATE,1000,1300,357,Real Data,1200,no,https://www.aptindex.com/
1484371.71015225,531334.746578425,263,153,BROOKRIDGE,"9023 W.T. HARRIS BLVD, EAST","CHARLOTTE, NC 28227",MARKET RATE,600,1000,150,Real Data,1000,yes,https://www.aptindex.com/
1434049.30390751,553199.605079591,264,524,RAVENWOOD HILLS,903-M LYNN STREET,"CHARLOTTE, NC 28208",MARKET RATE,500,700,120,Real Data,700,yes,https://www.aptindex.com/
1437108.56320892,514302.143176511,265,517,ASHFORD PLACE,905 PINEVILLE POINT AVENUE,"CHARLOTTE, NC 28217",MARKET RATE,700,1200,288,Real Data,1200,no,https://www.aptindex.com/
1437144.0851195,509922.187697589,266,115,ARBORGATE,9056 ARBORGATE DRIVE,"CHARLOTTE, NC 28273",MARKET RATE,600,1100,152,Real Data,1100,yes,https://www.aptindex.com/
1467572.85956368,508125.046934918,267,235,RESERVE AT PROVIDENCE II,908-201 SUMMIT WALK DRIVE,"CHARLOTTE, NC 28270",MARKET RATE,600,1100,98,Real Data,1100,yes,https://www.aptindex.com/
1478569.03310934,573337.143216506,268,032,WALDEN COURT,9115 OLMSTED DRIVE,"CHARLOTTE, NC 28262",MARKET RATE,700,1000,144,Real Data,1000,yes,https://www.aptindex.com/
1432311.13448359,526852.021948084,269,503,COURTNEY RIDGE,920 YORKMONT RIDGE LANE,"CHARLOTTE, NC 28217",MARKET RATE,700,1300,280,Real Data,1200,no,https://www.aptindex.com/
1451788.39966284,488708.1431835,270,069,CAMDEN TOUCHSTONE,9200 WESTBURY WOODS DRIVE,"CHARLOTTE, NC 28277",MARKET RATE,700,1200,132,Real Data,1100,no,https://www.aptindex.com/
1440356.43860292,494666.85239467,271,241,WILLOW RIDGE,9200 WILLOW RIDGE ROAD,"CHARLOTTE, NC 28210",MARKET RATE,500,1100,456,Real Data,1100,yes,https://www.aptindex.com/
1477492.51295267,575092.870676175,272,206,HUDSON COMMONS,9201 GLENWATER DRIVE,"CHARLOTTE, NC 28262",MARKET RATE,600,1100,276,Real Data,1100,no,https://www.aptindex.com/
1477452.72563067,580899.168774843,273,813,ALEXANDER VILLAGE,9224 GRAHAM RIDGE DRIVE,"CHARLOTTE, NC 28262",MARKET RATE,1100,1300,320,Real Data,1200,no,https://www.aptindex.com/
1479859.16701201,574235.715566337,274,242,LAKE AT THE UNIVERSITY,9401 GROVE HILL DRIVE,"CHARLOTTE, NC 28262",MARKET RATE,700,1200,302,Real Data,1200,no,https://www.aptindex.com/
1477458.33126251,531056.938735083,275,502,STONEGATE,950 SOUTHWOOD OAKS LANE,"CHARLOTTE, NC 28212",MARKET RATE,500,1000,144,Real Data,900,yes,https://www.aptindex.com/
1445574.81924225,579429.217646509,276,170,TRINITY PARK,9609 TRINITY ROAD,"CHARLOTTE, NC 28216",MARKET RATE,500,800,104,Real Data,700,yes,https://www.aptindex.com/
1490474.95352317,523552.34055534,277,422,RESIDENCES AT WEST MINT,9610 STONEY GLEN DRIVE,"CHARLOTTE, NC 28227",MARKET RATE,600,1100,408,Real Data,1000,yes,https://www.aptindex.com/
1484791.77427275,573965.833888263,278,299,MALLARD GREEN,9800 MARY ALEXANDER ROAD,"CHARLOTTE, NC 28262",MARKET RATE,700,1200,76,Real Data,1200,no,https://www.aptindex.com/
1481730.93164118,577553.972709343,279,438,THORNBERRY,9920 BRICKLEBERRY LANE,"CHARLOTTE, NC 28262",MARKET RATE,700,1300,288,Real Data,1200,no,https://www.aptindex.com/
1443792.94255668,494424.820070341,280,035,"BROOK, THE",9924 OAKBROOK DRIVE,"CHARLOTTE, NC 28210",MARKET RATE,800,1300,162,Real Data,1200,no,https://www.aptindex.com/
1483770.26844175,575155.628752753,281,011,MALLARD CREEK,420 MICHELLE LINNEA DRIVE,"CHARLOTTE, NC 28262",MARKET RATE,600,1100,148,Real Data,1100,yes,https://www.aptindex.com/
1472200.03403634,562484.105211332,282,042,ORCHARD TRACE,325 ORCHARD TRACE LANE,"CHARLOTTE, NC 28213",MARKET RATE,500,900,252,Real Data,900,yes,https://www.aptindex.com/
1464895.73007542,580266.260263756,283,332,BROOKSTONE,3800 DRYBROOK ROAD,"CHARLOTTE, NC 28269",MARKET RATE,700,1100,226,Real Data,1000,yes,https://www.aptindex.com/
1481908.5608791,578526.246683419,284,A13,VILLAS AT MALLARD CREEK,10405 BERKELEY PLACE DRIVE,"CHARLOTTE, NC 28262",MARKET RATE,1200,1200,90,Real Data,1200,no,https://www.aptindex.com/
